{"amcl":{"x":[0.7844798692,0.76568725,0.754626022,0.7455002276,0.7404636291,0.7248633888,0.7158503452,0.7001772687,0.6904256103,0.6756852401,0.6655661288,0.6578648516,0.6473309607,0.6293702249,0.6232043709,0.6134268664,0.5994625626],"y":[0.9336980389,0.9510665208,0.9603172811,0.9646993662,0.9701341574,0.9840856274,0.9907155957,1.0008625298,1.0077111253,1.0175529384,1.020304341,1.0254115277,1.036463162,1.0553303788,1.0569056031,1.0617252816,1.0699198353],"yaw":[0.9444952151,0.9450987561,0.9455056254,0.9473114447,0.9504409914,0.952316037,0.9534561086,0.9560313136,0.9594552941,0.9605475544,0.9603047246,0.9623136417,0.9642676745,0.9664226832,0.9661410571,0.9702375115,0.9704764505]},"ekf":{"x":[],"y":[],"yaw":[]},"vo":{"x":[0.6193619967,0.6125347614,0.6031348109,0.6027969122,0.59396559,0.5844781995,0.5778989196,0.5694737434,0.5634236336,0.553199172,0.5393058062,0.5306672454,0.5199905038,0.4909633696,0.4831366837],"y":[0.7389851809,0.7451060414,0.752233088,0.7660005689,0.7734047174,0.7801612616,0.7881988883,0.7921748161,0.7972134352,0.8016148806,0.7988331914,0.8018031716,0.8207141757,0.8289638758,0.8298130035],"yaw":[0.9422607999,0.9456713904,0.9473059566,0.9489499562,0.9513010519,0.9511107744,0.9576385433,0.9572547216,0.9584922776,0.9577969297,0.9586499067,0.9597566055,0.9638307941,0.967796173,0.9691053153]}}